<?xml version="1.0" encoding="UTF-8"?>
<project-private xmlns="http://www.netbeans.org/ns/project-private/1">
    <editor-bookmarks xmlns="http://www.netbeans.org/ns/editor-bookmarks/2" lastBookmarkId="0"/>
    <open-files xmlns="http://www.netbeans.org/ns/projectui-open-files/2">
        <group>
            <file>file:/D:/Xampp/htdocs/travel/app/forms/LoginForm.class.php</file>
            <file>file:/D:/Xampp/htdocs/travel/routing.php</file>
            <file>file:/D:/Xampp/htdocs/travel/ctrl.php</file>
            <file>file:/D:/Xampp/htdocs/travel/app/forms/TripAddForm.class.php</file>
            <file>file:/D:/Xampp/htdocs/travel/core/User.class.php</file>
            <file>file:/D:/Xampp/htdocs/travel/core/Reservation.class.php</file>
            <file>file:/D:/Xampp/htdocs/travel/core/App.class.php</file>
            <file>file:/D:/Xampp/htdocs/travel/core/Trip.class.php</file>
            <file>file:/D:/Xampp/htdocs/travel/public/list_users.php</file>
            <file>file:/D:/Xampp/htdocs/travel/app/views/LoginView.tpl</file>
            <file>file:/D:/Xampp/htdocs/travel/core/Utils.class.php</file>
            <file>file:/D:/Xampp/htdocs/travel/config.php</file>
            <file>file:/D:/Xampp/htdocs/travel/public/index.php</file>
            <file>file:/D:/Xampp/htdocs/travel/core/Database.class.php</file>
            <file>file:/D:/Xampp/htdocs/travel/app/forms/UserEditForm.class.php</file>
            <file>file:/D:/Xampp/htdocs/travel/public/.htaccess</file>
            <file>file:/D:/Xampp/htdocs/travel/app/forms/UserAddForm.class.php</file>
            <file>file:/D:/Xampp/htdocs/travel/app/forms/TripEditForm.class.php</file>
            <file>file:/D:/Xampp/htdocs/travel/app/forms/ReservationAddForm.class.php</file>
            <file>file:/D:/Xampp/htdocs/travel/app/controllers/LoginCtrl.class.php</file>
            <file>file:/D:/Xampp/htdocs/travel/public/list_reservations.php</file>
            <file>file:/D:/Xampp/htdocs/travel/app/transfer/User.class.php</file>
            <file>file:/D:/Xampp/htdocs/travel/public/list_trips.php</file>
            <file>file:/D:/Xampp/htdocs/travel/init.php</file>
            <file>file:/D:/Xampp/htdocs/travel/index.php</file>
        </group>
    </open-files>
</project-private>
