<?xml version="1.0" encoding="UTF-8"?>
<project-private xmlns="http://www.netbeans.org/ns/project-private/1">
    <editor-bookmarks xmlns="http://www.netbeans.org/ns/editor-bookmarks/2" lastBookmarkId="0"/>
    <open-files xmlns="http://www.netbeans.org/ns/projectui-open-files/2">
        <group>
            <file>file:/D:/Xampp/htdocs/travel_app/create_trip.php</file>
            <file>file:/D:/Xampp/htdocs/travel_app/register.php</file>
            <file>file:/D:/Xampp/htdocs/travel_app/login.php</file>
            <file>file:/D:/Xampp/htdocs/travel_app/book_trip.php</file>
            <file>file:/D:/Xampp/htdocs/travel_app/reservations.php</file>
            <file>file:/D:/Xampp/htdocs/travel_app/views/register.php</file>
            <file>file:/D:/Xampp/htdocs/travel_app/trips.php</file>
            <file>file:/D:/Xampp/htdocs/travel_app/views/trips.php</file>
            <file>file:/D:/Xampp/htdocs/travel_app/css/style.css</file>
            <file>file:/D:/Xampp/htdocs/travel_app/views/login.php</file>
            <file>file:/D:/Xampp/htdocs/travel_app/index.php</file>
            <file>file:/D:/Xampp/htdocs/travel_app/config.php</file>
            <file>file:/D:/Xampp/htdocs/travel_app/views/create_trip.php</file>
            <file>file:/D:/Xampp/htdocs/travel_app/views/reservations.php</file>
            <file>file:/D:/Xampp/htdocs/travel_app/logout.php</file>
        </group>
    </open-files>
</project-private>
